1930; [1930-1940]
1931; [1930-1940]
1932; [1930-1940]
1933; [1930-1940]
1934; [1930-1940]
1935; [1930-1940]
1936; [1930-1940]
1937; [1930-1940]
1938; [1930-1940]
1939; [1930-1940]
1940; [1940-1950]
1941; [1940-1950]
1942; [1940-1950]
1943; [1940-1950]
1944; [1940-1950]
1945; [1940-1950]
1946; [1940-1950]
1947; [1940-1950]
1948; [1940-1950]
1949; [1940-1950]
1950; [1950-1960]
1951; [1950-1960]
1952; [1950-1960]
1953; [1950-1960]
1954; [1950-1960]
1955; [1950-1960]
1956; [1950-1960]
1957; [1950-1960]
1958; [1950-1960]
1959; [1950-1960]
1960; [1960-1970]
1961; [1960-1970]
1962; [1960-1970]
1963; [1960-1970]
1964; [1960-1970]
1965; [1960-1970]
1966; [1960-1970]
1967; [1960-1970]
1968; [1960-1970]
1969; [1960-1970]
1970; [1970-1980]
1971; [1970-1980]
1972; [1970-1980]
1973; [1970-1980]
1974; [1970-1980]
1975; [1970-1980]
1976; [1970-1980]
1977; [1970-1980]
1978; [1970-1980]
1979; [1970-1980]